{"cameraMode":{"drawMode":0,"name":"Shaded","section":"Shading Mode"},"sceneLighting":false,"audioPlay":false,"sceneViewState":{"m_AlwaysRefresh":false,"showFog":true,"showSkybox":false,"showFlares":true,"showImageEffects":true,"showParticleSystems":true,"showVisualEffectGraphs":true,"m_FxEnabled":true},"in2DMode":false,"pivot":{"x":-0.0024450942873954775,"y":-0.026677638292312623,"z":-0.08970282971858978},"rotation":{"x":0.2412954419851303,"y":0.7155376076698303,"z":-0.2948770225048065,"w":0.5855199694633484},"size":0.13562943041324616,"orthographic":false}