{"cameraMode":{"drawMode":0,"name":"Shaded","section":"Shading Mode"},"sceneLighting":false,"audioPlay":false,"sceneViewState":{"m_AlwaysRefresh":false,"showFog":true,"showSkybox":false,"showFlares":true,"showImageEffects":true,"showParticleSystems":true,"showVisualEffectGraphs":true,"m_FxEnabled":true},"in2DMode":false,"pivot":{"x":0.008593901991844178,"y":-0.0011628568172454835,"z":-0.004428669810295105},"rotation":{"x":0.2412954419851303,"y":0.7155376076698303,"z":-0.2948770225048065,"w":0.5855199694633484},"size":0.32123908400535586,"orthographic":false}