{"cameraMode":{"drawMode":0,"name":"Shaded","section":"Shading Mode"},"sceneLighting":false,"audioPlay":false,"sceneViewState":{"m_AlwaysRefresh":false,"showFog":true,"showSkybox":false,"showFlares":true,"showImageEffects":true,"showParticleSystems":true,"showVisualEffectGraphs":true,"m_FxEnabled":true},"in2DMode":false,"pivot":{"x":0.0007567405700683594,"y":0.8937301635742188,"z":-0.015993446111679078},"rotation":{"x":-0.01948881335556507,"y":0.9650522470474243,"z":-0.25033828616142275,"w":-0.07513686269521713},"size":1.353292465209961,"orthographic":false}